emotion,emotion_label,heart_rate,hrv,skin_conductance,movement,respiratory_rate,temperature,acceleration_x,acceleration_y,acceleration_z,ambient_light,blood_oxygen,timestamp,case_type
calm,0,78.67594702248039,38.88237788577327,0.43592759560588756,0.126,15.657,36.63,-0.063,0.161,9.723,0.367,96.9,2025-07-16T18:08:58.810265,edge_case
fatigued,5,45.0,90.0,0.248,0.205,15.067,36.49,-0.077,-0.037,9.848,0.309,96.9,2025-07-16T18:08:58.810463,edge_case
anxious,4,127.45766409621658,77.51274461601895,0.893,0.338,19.678,37.34,-0.274,0.004,9.675,0.242,94.1,2025-07-16T18:08:58.810851,edge_case
anxious,4,104.716,13.487,0.868,0.648,28.581,37.3,-0.794,-0.953,9.727,0.546,95.4,2025-07-16T18:08:58.811165,edge_case
fatigued,5,59.714,25.244,0.4,0.261,9.029,36.58,0.13,0.091,9.757,0.621,96.2,2025-07-16T18:08:58.811430,edge_case
calm,0,84.48821254857005,52.222703273916835,0.19791385555317542,0.099,10.0,36.59,0.065,-0.071,9.931,0.625,96.3,2025-07-16T18:08:58.811666,edge_case
stressed,3,45.0,90.0,0.784,0.191,19.707,36.81,0.049,0.029,9.753,0.788,95.7,2025-07-16T18:08:58.811884,edge_case
calm,0,113.58732009372864,65.8646793148527,0.219,0.191,13.565,36.71,0.248,0.244,9.75,0.466,97.2,2025-07-16T18:08:58.812071,edge_case
calm,0,71.391,44.526,0.243,0.044,12.39,36.55,-0.032,-0.038,9.786,0.794,97.3,2025-07-16T18:08:58.812228,edge_case
stressed,3,96.207,22.921,0.666,0.276,16.504,37.04,-0.122,-0.109,9.747,0.868,96.0,2025-07-16T18:08:58.812414,edge_case
stressed,3,95.23482580659812,15.7195971368539,0.8747890520168917,0.271,19.487,37.03,-0.238,0.146,9.681,0.785,94.7,2025-07-16T18:08:58.812649,edge_case
stressed,3,45.0,90.0,0.659,0.326,20.034,37.18,-0.638,-0.204,9.793,0.404,95.2,2025-07-16T18:08:58.812832,edge_case
anxious,4,127.27426470085503,60.250733838268395,0.6,0.182,20.22,36.9,0.308,0.046,9.745,0.474,96.0,2025-07-16T18:08:58.813038,edge_case
excited,2,80.182,36.991,0.422,0.419,18.074,36.95,-0.229,-0.135,9.939,0.433,97.2,2025-07-16T18:08:58.813202,edge_case
fatigued,5,60.219,27.63,0.216,0.173,10.007,36.58,-0.016,-0.002,9.787,0.867,97.2,2025-07-16T18:08:58.813362,edge_case
stressed,3,114.60003509084072,15.311030598893254,0.7914702494728059,0.164,16.0,37.0,-0.17,0.707,9.903,0.354,95.3,2025-07-16T18:08:58.813543,edge_case
fatigued,5,45.0,90.0,0.237,0.05,16.0,36.54,0.006,0.046,9.834,0.886,97.7,2025-07-16T18:08:58.813711,edge_case
focused,1,125.58998139827835,70.14767024844126,0.46,0.035,12.476,36.44,0.01,-0.058,9.797,0.35,95.9,2025-07-16T18:08:58.813902,edge_case
stressed,3,82.991,25.017,0.616,0.27,18.048,36.7,-0.022,-0.166,9.804,0.715,96.3,2025-07-16T18:08:58.814065,edge_case
stressed,3,107.597,25.46,0.652,0.4,18.964,37.03,0.187,-0.168,9.674,0.546,95.9,2025-07-16T18:08:58.814228,edge_case
anxious,4,91.3157514164786,10.05903843832764,0.916393253463194,0.484,18.0,36.95,0.313,0.841,9.172,0.528,95.7,2025-07-16T18:08:58.814388,edge_case
anxious,4,180.0,8.0,0.665,0.15,22.101,36.82,-0.005,0.057,9.749,0.453,95.9,2025-07-16T18:08:58.814546,edge_case
calm,0,112.62217778735246,63.036029171156734,0.384,0.122,12.734,36.43,0.004,0.024,9.751,0.548,97.7,2025-07-16T18:08:58.814750,edge_case
excited,2,86.618,37.307,0.703,0.323,14.0,36.77,0.17,0.104,9.799,0.323,95.5,2025-07-16T18:08:58.814923,edge_case
stressed,3,91.347,29.209,0.697,0.17,24.147,36.9,0.029,0.156,9.834,0.175,94.9,2025-07-16T18:08:58.815082,edge_case
focused,1,79.16026170129778,53.76661348182121,0.3945405812003269,0.041,12.888,36.64,0.006,-0.008,9.775,0.185,96.0,2025-07-16T18:08:58.815237,edge_case
calm,0,180.0,8.0,0.262,0.08,13.286,36.77,0.131,0.109,9.858,0.255,96.6,2025-07-16T18:08:58.815408,edge_case
stressed,3,122.00989473534433,71.99394755224915,0.575,0.3,16.0,36.58,0.103,-0.372,9.916,0.828,95.3,2025-07-16T18:08:58.815602,edge_case
calm,0,70.571,30.0,0.287,0.097,16.066,36.62,0.057,-0.025,9.852,0.8,96.1,2025-07-16T18:08:58.815791,edge_case
fatigued,5,60.827,17.843,0.287,0.225,10.358,36.57,-0.075,0.238,9.827,0.693,96.8,2025-07-16T18:08:58.816119,edge_case
excited,2,88.70391872149077,19.44941332711721,0.4227552268273073,0.499,23.262,36.82,-0.496,-0.394,9.866,0.326,96.6,2025-07-16T18:08:58.816277,edge_case
focused,1,180.0,8.0,0.485,0.038,15.85,36.71,0.007,0.016,9.804,0.151,96.5,2025-07-16T18:08:58.816432,edge_case
calm,0,117.74831145496209,64.85111436928409,0.285,0.023,15.586,36.59,-0.009,0.018,9.799,0.52,97.0,2025-07-16T18:08:58.816610,edge_case
fatigued,5,65.076,22.277,0.161,0.201,12.875,36.62,-0.099,0.141,9.826,0.188,98.6,2025-07-16T18:08:58.816763,edge_case
fatigued,5,61.942,31.873,0.239,0.209,12.193,36.63,-0.034,-0.033,9.885,0.25,97.6,2025-07-16T18:08:58.816906,edge_case
focused,1,61.43183165735417,70.75648410591711,0.3767839417796822,0.05,14.445,36.7,0.017,-0.064,9.762,0.251,96.8,2025-07-16T18:08:58.817052,edge_case
stressed,3,45.0,8.0,0.505,0.303,23.602,36.93,0.248,0.036,10.025,0.329,96.6,2025-07-16T18:08:58.817202,edge_case
fatigued,5,119.19286137335693,75.26848471820983,0.265,0.168,13.131,36.5,-0.096,-0.028,9.583,0.299,97.2,2025-07-16T18:08:58.817376,edge_case
excited,2,75.0,36.665,0.632,0.501,22.207,36.91,0.619,-0.646,9.787,0.987,95.4,2025-07-16T18:08:58.817527,edge_case
stressed,3,87.938,22.313,0.739,0.186,18.778,36.66,-0.068,0.02,9.707,0.705,95.4,2025-07-16T18:08:58.817672,edge_case
focused,1,74.2546123862471,51.607250347084886,0.35844642934820115,0.037,18.0,36.5,-0.018,-0.012,9.801,0.8,96.3,2025-07-16T18:08:58.817817,edge_case
calm,0,180.0,8.0,0.176,0.061,16.105,36.55,0.011,-0.087,9.732,0.216,97.8,2025-07-16T18:08:58.817970,edge_case
fatigued,5,112.94132063351728,79.85948881689656,0.288,0.083,12.598,36.45,0.061,0.084,9.775,0.797,97.4,2025-07-16T18:08:58.818144,edge_case
focused,1,68.221,51.607,0.334,0.046,15.862,36.37,0.021,-0.004,9.784,0.128,97.7,2025-07-16T18:08:58.818296,edge_case
anxious,4,85.0,20.572,0.95,0.501,24.574,37.0,-0.583,0.475,9.609,0.319,94.6,2025-07-16T18:08:58.818442,edge_case
fatigued,5,54.89333632530308,25.31990787456779,0.4103277597858901,0.211,12.008,36.6,-0.137,-0.013,9.747,0.125,96.4,2025-07-16T18:08:58.818595,edge_case
anxious,4,45.0,90.0,0.691,0.23,22.73,37.18,-0.07,-0.111,9.765,0.692,94.4,2025-07-16T18:08:58.818746,edge_case
fatigued,5,129.4712223230778,76.33208567594035,0.195,0.203,12.615,36.51,0.05,-0.127,9.889,0.825,96.4,2025-07-16T18:08:58.818922,edge_case
stressed,3,106.212,15.063,0.798,0.356,16.411,37.1,0.007,0.028,9.632,0.655,95.0,2025-07-16T18:08:58.819073,edge_case
stressed,3,93.522,23.877,0.583,0.364,19.722,36.97,0.377,-0.331,10.126,0.152,95.8,2025-07-16T18:08:58.819216,edge_case
calm,0,53.80893346268058,32.760230047672124,0.3735294885358901,0.078,14.456,36.62,0.078,0.098,9.8,0.654,97.2,2025-07-16T18:08:58.819361,edge_case
calm,0,180.0,8.0,0.458,0.138,15.97,36.62,-0.155,0.2,9.926,0.949,95.8,2025-07-16T18:08:58.819512,edge_case
excited,2,127.06515831599368,66.77666288514848,0.625,0.488,16.638,36.88,0.537,0.238,10.187,0.673,96.0,2025-07-16T18:08:58.819686,edge_case
calm,0,55.726,47.673,0.32,0.145,10.677,36.53,-0.029,0.091,9.867,0.507,96.9,2025-07-16T18:08:58.819839,edge_case
stressed,3,91.648,21.446,0.671,0.247,19.631,36.82,0.037,-0.023,9.634,0.317,95.2,2025-07-16T18:08:58.819984,edge_case
excited,2,102.43387656229784,32.75474822182311,0.4803856698700575,0.414,18.114,36.84,-0.307,0.24,9.525,0.725,97.0,2025-07-16T18:08:58.820129,edge_case
calm,0,45.0,8.0,0.223,0.085,15.564,36.69,0.03,0.005,9.802,0.387,96.0,2025-07-16T18:08:58.820279,edge_case
anxious,4,120.50184279505879,69.41526846169877,0.761,0.15,21.776,36.85,0.341,-0.044,9.794,0.209,95.5,2025-07-16T18:08:58.820455,edge_case
anxious,4,126.336,28.545,0.827,0.41,18.0,37.22,-0.085,0.487,9.84,0.244,93.7,2025-07-16T18:08:58.820606,edge_case
anxious,4,85.0,12.76,0.882,0.15,21.925,36.7,0.134,-0.094,9.84,0.374,95.5,2025-07-16T18:08:58.820750,edge_case
fatigued,5,62.376819072857785,26.816140819976987,0.18219013249633395,0.05,11.43,36.56,-0.005,0.004,9.754,0.422,97.8,2025-07-16T18:08:58.820894,edge_case
focused,1,180.0,8.0,0.396,0.032,15.035,36.48,-0.048,-0.054,9.803,0.505,96.9,2025-07-16T18:08:58.821048,edge_case
excited,2,126.14964530343849,62.35361472443913,0.492,0.7,19.299,36.96,0.739,-0.331,10.191,0.987,96.9,2025-07-16T18:08:58.821224,edge_case
stressed,3,94.943,31.098,0.796,0.429,16.0,37.0,-0.273,-0.094,9.76,0.954,95.9,2025-07-16T18:08:58.821374,edge_case
fatigued,5,64.831,30.142,0.253,0.168,12.773,36.72,0.027,-0.03,9.796,0.49,97.6,2025-07-16T18:08:58.821519,edge_case
focused,1,62.109748681991135,64.0515310036129,0.5079227768719187,0.075,14.379,36.48,0.066,0.023,9.803,0.824,97.0,2025-07-16T18:08:58.821665,edge_case
calm,0,45.0,90.0,0.298,0.166,17.077,36.62,0.37,0.117,9.718,0.21,96.7,2025-07-16T18:08:58.821816,edge_case
fatigued,5,118.85945748443139,66.73750378142795,0.175,0.128,11.833,36.52,-0.014,-0.085,9.714,0.939,97.3,2025-07-16T18:08:58.821988,edge_case
calm,0,83.698,44.291,0.319,0.092,15.27,36.66,0.19,-0.016,9.855,0.743,96.2,2025-07-16T18:08:58.822140,edge_case
calm,0,71.953,58.324,0.36,0.024,10.608,36.64,-0.046,-0.011,9.818,0.629,97.0,2025-07-16T18:08:58.822284,edge_case
anxious,4,115.07383764789525,22.566195876571076,0.8516056083843485,0.375,30.268,37.2,-0.254,0.136,9.895,0.327,94.1,2025-07-16T18:08:58.822427,edge_case
stressed,3,45.0,8.0,0.689,0.21,25.224,37.0,0.003,-0.094,9.691,0.365,95.2,2025-07-16T18:08:58.822576,edge_case
focused,1,127.80146417751624,63.4130654354539,0.403,0.068,15.034,36.83,0.011,-0.032,9.807,0.269,95.7,2025-07-16T18:08:58.822752,edge_case
focused,1,66.389,55.042,0.489,0.057,12.0,36.4,0.03,-0.042,9.764,0.972,97.2,2025-07-16T18:08:58.822905,edge_case
calm,0,77.957,42.116,0.344,0.125,10.09,36.49,-0.036,-0.068,9.634,0.522,96.7,2025-07-16T18:08:58.823050,edge_case
anxious,4,106.41246316161195,24.98758706258477,0.6128873075684262,0.336,20.679,37.11,0.211,-0.064,9.886,0.246,94.7,2025-07-16T18:08:58.823193,edge_case
anxious,4,180.0,90.0,0.913,0.372,24.589,37.17,-0.546,-0.206,9.741,0.509,94.4,2025-07-16T18:08:58.823343,edge_case
focused,1,117.75563028714741,64.05869685011373,0.431,0.025,14.243,36.69,-0.014,-0.027,9.8,0.335,95.7,2025-07-16T18:08:58.823518,edge_case
fatigued,5,58.151,24.002,0.237,0.173,15.099,36.42,-0.01,0.074,9.811,0.325,98.4,2025-07-16T18:08:58.823674,edge_case
fatigued,5,59.644,35.825,0.282,0.117,8.0,36.45,0.081,-0.082,9.826,0.967,97.6,2025-07-16T18:08:58.823819,edge_case
excited,2,105.32561170983868,44.937862751140166,0.43817109811314936,0.272,24.0,36.91,0.114,0.449,10.026,0.626,95.8,2025-07-16T18:08:58.823962,edge_case
focused,1,45.0,90.0,0.328,0.057,16.696,36.56,0.004,0.029,9.815,0.958,97.6,2025-07-16T18:08:58.824112,edge_case
stressed,3,124.00267142847014,64.6132299678975,0.5,0.245,28.0,37.03,-0.499,0.367,9.792,0.187,95.3,2025-07-16T18:08:58.824286,edge_case
calm,0,78.387,47.367,0.181,0.108,10.14,36.76,0.101,-0.035,9.815,0.345,97.4,2025-07-16T18:08:58.824439,edge_case
fatigued,5,73.153,31.509,0.308,0.092,9.214,36.44,0.047,0.038,9.758,0.647,97.5,2025-07-16T18:08:58.824582,edge_case
stressed,3,97.31236883743988,22.71488211684865,0.6924986605129279,0.282,16.0,37.02,-0.434,-0.265,9.908,0.313,95.1,2025-07-16T18:08:58.824724,edge_case
anxious,4,45.0,8.0,0.769,0.418,18.0,37.0,0.64,-0.417,9.696,0.369,93.9,2025-07-16T18:08:58.824873,edge_case
calm,0,122.7950942422751,78.4498642426825,0.338,0.087,15.802,36.54,0.012,0.054,9.777,0.658,95.5,2025-07-16T18:08:58.825048,edge_case
calm,0,74.31,51.222,0.316,0.091,15.424,36.63,0.103,0.097,9.762,0.656,96.7,2025-07-16T18:08:58.825201,edge_case
stressed,3,100.693,14.149,0.662,0.305,16.945,37.02,-0.494,0.276,9.484,0.419,95.0,2025-07-16T18:08:58.825344,edge_case
stressed,3,80.84719508988712,22.314709914538653,0.6230475032567157,0.449,17.598,36.79,0.59,-0.001,9.538,0.146,96.0,2025-07-16T18:08:58.825487,edge_case
focused,1,180.0,8.0,0.365,0.04,12.626,36.43,-0.063,-0.017,9.818,0.505,96.5,2025-07-16T18:08:58.825760,edge_case
focused,1,118.28237550211112,62.19437465610234,0.398,0.036,13.33,36.61,0.035,0.041,9.835,0.226,97.0,2025-07-16T18:08:58.825950,edge_case
focused,1,79.489,40.587,0.435,0.044,14.627,36.69,0.082,0.027,9.814,0.91,96.9,2025-07-16T18:08:58.826106,edge_case
calm,0,81.08,50.858,0.197,0.128,14.127,36.79,-0.067,0.143,9.882,0.667,98.2,2025-07-16T18:08:58.826252,edge_case
stressed,3,90.93370372599686,17.768266119165222,0.5834559825247366,0.272,19.386,36.86,0.13,0.119,9.79,0.6,96.5,2025-07-16T18:08:58.826397,edge_case
fatigued,5,45.0,90.0,0.223,0.083,11.694,36.54,0.183,-0.014,9.797,0.968,96.5,2025-07-16T18:08:58.826549,edge_case
anxious,4,114.72457829646173,67.86009910146764,0.888,0.319,27.686,36.96,0.072,0.449,10.091,0.24,95.5,2025-07-16T18:08:58.826724,edge_case
anxious,4,102.857,17.782,0.732,0.415,24.846,36.92,0.478,0.218,9.83,0.577,93.9,2025-07-16T18:08:58.826876,edge_case
anxious,4,114.071,13.224,0.784,0.223,28.928,36.98,-0.018,-0.054,9.788,0.335,95.2,2025-07-16T18:08:58.827021,edge_case
stressed,3,77.91893614225833,23.534064603271567,0.8959411815434901,0.328,23.445,37.01,-0.152,0.269,9.811,0.397,95.2,2025-07-16T18:08:58.827166,edge_case
excited,2,180.0,8.0,0.697,0.1,20.405,36.52,0.067,0.052,9.703,0.579,96.4,2025-07-16T18:08:58.827317,edge_case
stressed,3,127.08803352381253,64.9835994478578,0.886,0.1,23.798,36.74,0.127,0.038,9.795,0.289,94.4,2025-07-16T18:08:58.827493,edge_case
stressed,3,93.533,12.01,0.603,0.267,19.879,36.65,0.314,0.237,9.795,0.641,95.9,2025-07-16T18:08:58.827644,edge_case
focused,1,90.0,53.316,0.423,0.019,15.761,36.89,-0.015,0.023,9.794,0.435,97.1,2025-07-16T18:08:58.827788,edge_case
anxious,4,111.21963644850774,14.320772538859792,0.7027074668043785,0.275,20.021,36.93,0.215,0.115,9.81,0.428,94.7,2025-07-16T18:08:58.827932,edge_case
calm,0,180.0,90.0,0.276,0.067,14.032,36.49,0.028,0.011,9.813,0.264,97.1,2025-07-16T18:08:58.828089,edge_case
excited,2,128.56954999984927,74.9702707000996,0.677,0.1,17.491,36.5,0.13,-0.088,9.79,0.201,95.2,2025-07-16T18:08:58.828263,edge_case
fatigued,5,62.336,19.294,0.375,0.205,9.608,36.54,-0.119,0.21,9.687,0.333,96.5,2025-07-16T18:08:58.828413,edge_case
stressed,3,100.427,12.566,0.898,0.21,16.0,36.8,0.09,0.255,9.755,0.518,95.1,2025-07-16T18:08:58.828558,edge_case
anxious,4,119.39109719894554,16.079864978887542,1.0536475832130654,0.465,26.448,37.27,0.467,0.104,9.77,0.644,95.1,2025-07-16T18:08:58.828701,edge_case
calm,0,45.0,90.0,0.235,0.105,13.528,36.36,-0.049,-0.125,9.821,0.864,97.9,2025-07-16T18:08:58.828851,edge_case
focused,1,121.59523847197775,76.80388106408188,0.283,0.04,14.097,36.64,0.05,0.015,9.845,0.652,96.5,2025-07-16T18:08:58.829186,edge_case
anxious,4,109.21,11.487,0.855,0.438,21.001,37.04,0.104,-0.824,9.657,0.979,94.7,2025-07-16T18:08:58.829483,edge_case
excited,2,78.947,30.886,0.649,0.592,20.341,36.85,-0.257,-0.208,9.525,0.445,95.1,2025-07-16T18:08:58.829845,edge_case
calm,0,54.66445162069801,45.302522151456095,0.2551930158175074,0.117,13.266,36.42,0.294,0.06,9.742,0.475,97.7,2025-07-16T18:08:58.830087,edge_case
anxious,4,45.0,90.0,0.923,0.401,24.343,36.88,0.399,0.504,9.578,0.379,94.6,2025-07-16T18:08:58.830452,edge_case
focused,1,129.64380478668807,61.81560891375047,0.375,0.052,15.902,36.5,-0.014,0.043,9.837,0.241,97.1,2025-07-16T18:08:58.830883,edge_case
calm,0,62.309,48.958,0.402,0.131,15.014,36.55,0.007,0.067,9.849,0.863,97.1,2025-07-16T18:08:58.831048,edge_case
fatigued,5,67.675,29.97,0.273,0.154,11.597,36.54,-0.054,0.246,9.67,0.464,97.2,2025-07-16T18:08:58.831209,edge_case
focused,1,76.51286227638151,44.80273801204859,0.42370414224746444,0.016,15.588,36.55,-0.013,-0.001,9.806,0.693,97.2,2025-07-16T18:08:58.831359,edge_case
calm,0,180.0,8.0,0.2,0.053,13.017,36.26,-0.012,-0.021,9.791,0.909,97.3,2025-07-16T18:08:58.831513,edge_case
excited,2,121.71173385477393,61.21592572321615,0.663,0.7,14.0,36.98,-0.248,2.767,9.339,0.225,95.4,2025-07-16T18:08:58.831690,edge_case
excited,2,94.096,39.259,0.4,0.359,19.331,36.99,-0.021,-0.407,9.831,0.218,95.8,2025-07-16T18:08:58.831842,edge_case
stressed,3,86.123,24.705,0.791,0.299,16.071,36.88,-0.275,-0.433,9.616,0.775,95.9,2025-07-16T18:08:58.831988,edge_case
stressed,3,75.43485362165205,26.46134782051636,0.6944445805259982,0.454,20.507,37.02,-0.042,0.019,10.078,0.177,96.1,2025-07-16T18:08:58.832132,edge_case
stressed,3,45.0,8.0,0.796,0.183,20.118,36.84,-0.398,0.169,9.952,0.168,96.0,2025-07-16T18:08:58.832283,edge_case
fatigued,5,116.5343500274075,74.72813135494604,0.21,0.112,12.681,36.39,-0.073,0.258,9.766,0.581,97.4,2025-07-16T18:08:58.832457,edge_case
anxious,4,98.327,13.235,0.653,0.373,26.546,36.95,-0.08,0.525,10.049,0.431,94.9,2025-07-16T18:08:58.832610,edge_case
fatigued,5,64.239,25.83,0.263,0.195,11.198,36.6,-0.06,-0.128,9.57,0.445,97.1,2025-07-16T18:08:58.832757,edge_case
excited,2,95.38789003553303,43.977813624356735,0.6599030468308886,0.506,21.363,36.9,0.96,0.272,9.602,0.525,94.7,2025-07-16T18:08:58.832901,edge_case
focused,1,45.0,8.0,0.406,0.016,15.527,36.41,0.035,0.035,9.794,0.656,96.3,2025-07-16T18:08:58.833052,edge_case
calm,0,113.49558838175292,76.6313216518237,0.384,0.14,14.018,36.4,-0.179,0.053,9.734,0.163,97.0,2025-07-16T18:08:58.833229,edge_case
focused,1,75.633,56.94,0.36,0.064,16.346,36.42,0.106,-0.064,9.82,0.613,97.0,2025-07-16T18:08:58.833382,edge_case
excited,2,89.272,42.301,0.493,0.387,22.431,36.81,-0.185,0.338,9.649,0.33,96.4,2025-07-16T18:08:58.833526,edge_case
focused,1,78.77080237615361,39.81422831701126,0.36628819038431004,0.044,13.405,36.45,-0.048,0.097,9.78,0.359,95.8,2025-07-16T18:08:58.833670,edge_case
calm,0,45.0,90.0,0.391,0.113,11.408,36.52,-0.172,0.059,9.792,0.91,96.4,2025-07-16T18:08:58.833829,edge_case
calm,0,116.18318029536195,67.41951598272198,0.203,0.164,15.522,36.46,0.153,0.021,9.789,0.997,96.8,2025-07-16T18:08:58.834004,edge_case
fatigued,5,68.609,17.741,0.277,0.127,13.583,36.3,-0.127,-0.012,9.722,0.87,97.6,2025-07-16T18:08:58.834155,edge_case
anxious,4,88.363,12.115,0.6,0.364,18.0,37.0,0.132,0.223,10.066,0.941,95.9,2025-07-16T18:08:58.834299,edge_case
stressed,3,92.45572192308278,18.747215207524057,0.5931422480957587,0.36,18.491,36.93,-0.03,-0.176,9.451,0.584,96.0,2025-07-16T18:08:58.834443,edge_case
excited,2,45.0,90.0,0.765,0.489,20.104,36.92,-0.244,0.297,10.045,0.91,95.0,2025-07-16T18:08:58.834593,edge_case
calm,0,110.8864777858055,74.20139266843162,0.345,0.06,13.442,36.54,0.053,0.009,9.792,0.668,97.7,2025-07-16T18:08:58.834768,edge_case
focused,1,79.858,56.395,0.341,0.036,14.312,36.57,-0.07,-0.013,9.787,0.79,96.2,2025-07-16T18:08:58.834920,edge_case
anxious,4,85.0,19.329,0.643,0.443,30.209,36.74,-0.822,-0.919,9.818,0.819,96.6,2025-07-16T18:08:58.835064,edge_case
focused,1,69.73197433555832,54.44072103852074,0.31762340446507825,0.022,16.503,36.7,0.014,-0.009,9.79,0.191,96.1,2025-07-16T18:08:58.835207,edge_case
anxious,4,45.0,90.0,0.843,0.516,20.205,37.05,-0.998,-0.806,9.669,0.998,95.1,2025-07-16T18:08:58.835357,edge_case
anxious,4,110.61728704458088,62.14760447047521,0.7,0.375,23.184,36.77,-0.108,0.211,9.938,0.736,95.6,2025-07-16T18:08:58.835531,edge_case
anxious,4,102.934,13.938,0.77,0.622,28.383,37.12,-0.473,-1.209,10.624,0.634,95.0,2025-07-16T18:08:58.835683,edge_case
fatigued,5,70.443,27.377,0.216,0.118,12.749,36.61,-0.154,0.249,9.907,0.49,97.7,2025-07-16T18:08:58.835829,edge_case
anxious,4,112.90055048851853,21.17101729294231,0.8774773354858285,0.566,18.0,37.2,-0.403,-0.216,9.61,0.845,94.2,2025-07-16T18:08:58.835971,edge_case
calm,0,45.0,90.0,0.295,0.167,13.396,36.63,0.266,0.268,9.713,0.185,97.1,2025-07-16T18:08:58.836121,edge_case
calm,0,124.87516311040946,78.0320627640476,0.288,0.114,14.296,36.41,-0.079,0.183,9.885,0.796,96.4,2025-07-16T18:08:58.836300,edge_case
calm,0,59.568,44.394,0.299,0.155,12.971,36.52,0.037,-0.016,9.72,0.744,96.8,2025-07-16T18:08:58.836452,edge_case
fatigued,5,60.77,20.552,0.389,0.05,10.422,36.47,0.012,-0.001,9.76,0.333,97.6,2025-07-16T18:08:58.836596,edge_case
fatigued,5,71.32620308408927,19.709831057789856,0.23644522978254906,0.082,15.685,36.5,-0.04,-0.064,9.718,0.526,97.2,2025-07-16T18:08:58.836739,edge_case
anxious,4,45.0,90.0,0.649,0.203,18.0,36.91,-0.129,0.29,9.827,0.542,94.7,2025-07-16T18:08:58.836887,edge_case
anxious,4,115.72602796881894,74.70231526924381,0.852,0.283,26.493,36.69,-0.16,-0.156,9.45,0.837,94.8,2025-07-16T18:08:58.837061,edge_case
calm,0,64.632,40.111,0.329,0.035,15.215,36.43,-0.05,0.028,9.812,0.132,96.9,2025-07-16T18:08:58.837213,edge_case
anxious,4,92.278,29.063,0.689,0.336,18.037,36.79,-0.114,0.076,9.939,0.287,95.9,2025-07-16T18:08:58.837356,edge_case
focused,1,75.92159399030737,47.69203052776559,0.40750464377200457,0.058,14.518,36.63,0.106,0.08,9.845,0.169,96.2,2025-07-16T18:08:58.837499,edge_case
fatigued,5,180.0,90.0,0.3,0.079,14.639,36.25,0.009,-0.03,9.775,0.239,96.9,2025-07-16T18:08:58.837648,edge_case
focused,1,126.32344672304579,63.81001607331052,0.406,0.063,14.0,36.59,0.179,-0.203,9.803,0.587,96.1,2025-07-16T18:08:58.837822,edge_case
stressed,3,89.655,16.201,0.574,0.251,19.73,36.89,0.595,-0.237,9.876,0.386,96.8,2025-07-16T18:08:58.837972,edge_case
fatigued,5,61.523,16.085,0.199,0.075,8.608,36.48,0.02,0.039,9.788,0.138,97.7,2025-07-16T18:08:58.838116,edge_case
anxious,4,113.16087341947389,13.876612675307502,0.7537280925018209,0.557,19.335,36.84,0.458,0.313,9.849,0.295,94.6,2025-07-16T18:08:58.838258,edge_case
excited,2,180.0,8.0,0.695,0.252,16.619,36.89,-0.411,-0.283,9.753,0.209,95.2,2025-07-16T18:08:58.838406,edge_case
fatigued,5,118.65476422191125,73.54853234343065,0.26,0.136,10.318,36.35,-0.239,-0.1,9.838,0.366,97.8,2025-07-16T18:08:58.838577,edge_case
stressed,3,104.411,24.713,0.697,0.174,19.084,36.96,0.187,0.1,9.868,0.254,95.6,2025-07-16T18:08:58.838728,edge_case
focused,1,71.842,46.857,0.426,0.056,12.0,36.6,-0.013,0.072,9.818,0.449,96.2,2025-07-16T18:08:58.838877,edge_case
fatigued,5,64.92097155984933,18.450270417264903,0.26842466781448066,0.05,14.375,36.46,-0.036,0.011,9.814,0.868,98.2,2025-07-16T18:08:58.839019,edge_case
fatigued,5,45.0,8.0,0.207,0.123,11.089,36.58,0.098,0.011,9.733,0.859,96.7,2025-07-16T18:08:58.839167,edge_case
calm,0,111.42651224693257,66.20671116793824,0.441,0.111,13.293,36.47,0.03,-0.21,9.811,0.939,97.4,2025-07-16T18:08:58.839341,edge_case
stressed,3,95.262,15.285,0.9,0.186,22.132,37.04,-0.024,-0.12,9.972,0.484,95.6,2025-07-16T18:08:58.839493,edge_case
focused,1,76.243,47.388,0.382,0.03,13.342,36.62,-0.003,0.022,9.787,0.62,96.7,2025-07-16T18:08:58.839637,edge_case
stressed,3,93.67464587182185,14.135287310105964,0.4377934474639449,0.325,19.667,36.94,-0.304,-0.19,9.65,0.223,95.6,2025-07-16T18:08:58.839780,edge_case
focused,1,180.0,8.0,0.356,0.056,15.951,36.61,0.063,0.058,9.794,0.859,95.9,2025-07-16T18:08:58.839929,edge_case
calm,0,125.13689418357202,77.91904003510696,0.202,0.109,14.509,36.62,0.056,-0.098,9.871,0.324,97.1,2025-07-16T18:08:58.840103,edge_case
focused,1,79.68,51.771,0.391,0.06,16.413,36.89,-0.023,0.006,9.757,0.651,96.9,2025-07-16T18:08:58.840255,edge_case
calm,0,63.466,61.383,0.228,0.046,10.0,36.48,-0.073,0.004,9.747,0.865,96.9,2025-07-16T18:08:58.840400,edge_case
anxious,4,123.3375749009859,17.66916280421555,1.1200558113203682,0.43,28.629,37.06,-0.731,-0.691,9.656,0.283,94.6,2025-07-16T18:08:58.840543,edge_case
anxious,4,45.0,8.0,0.656,0.353,18.0,37.16,-0.207,-0.358,9.818,0.822,94.1,2025-07-16T18:08:58.840691,edge_case
stressed,3,127.9856434659105,62.72086879892929,0.619,0.29,17.245,37.2,-0.081,-0.44,9.679,0.188,94.7,2025-07-16T18:08:58.840863,edge_case
fatigued,5,71.299,29.601,0.343,0.191,10.302,36.73,0.23,-0.02,9.804,0.808,97.1,2025-07-16T18:08:58.841014,edge_case
stressed,3,101.743,25.455,0.789,0.421,20.107,37.04,-0.356,-0.873,9.992,0.213,94.5,2025-07-16T18:08:58.841275,edge_case
focused,1,104.44703218011114,60.95133433689143,0.4576520647229021,0.056,15.584,36.76,0.017,0.109,9.794,0.241,96.7,2025-07-16T18:08:58.841482,edge_case
calm,0,180.0,90.0,0.482,0.103,11.434,36.59,-0.003,0.09,9.843,0.898,96.4,2025-07-16T18:08:58.841646,edge_case
focused,1,119.18704994839665,78.23125733642601,0.32,0.074,14.431,36.7,0.02,0.077,9.789,0.91,96.5,2025-07-16T18:08:58.841830,edge_case
fatigued,5,65.993,20.431,0.24,0.05,12.479,36.55,0.05,-0.042,9.781,0.654,98.0,2025-07-16T18:08:58.841985,edge_case
stressed,3,92.542,25.412,0.679,0.295,16.597,36.85,-0.592,-0.102,9.958,0.598,95.5,2025-07-16T18:08:58.842131,edge_case
fatigued,5,62.40578536213509,17.433353131510923,0.20965104861963624,0.073,13.687,36.51,-0.016,-0.014,9.794,0.521,98.4,2025-07-16T18:08:58.842276,edge_case
excited,2,45.0,8.0,0.635,0.353,22.027,36.95,0.218,0.059,9.893,0.31,95.7,2025-07-16T18:08:58.842426,edge_case
anxious,4,117.55829387827241,63.42884795631331,0.691,0.248,23.339,36.98,0.048,0.022,9.778,0.679,95.1,2025-07-16T18:08:58.842608,edge_case
anxious,4,85.0,15.907,0.9,0.285,18.0,36.87,-1.107,-0.266,9.728,0.922,95.4,2025-07-16T18:08:58.842770,edge_case
fatigued,5,61.99,20.732,0.204,0.249,12.976,36.7,-0.146,-0.079,9.7,0.118,97.0,2025-07-16T18:08:58.842917,edge_case
focused,1,71.07730056432872,55.76539097418094,0.43082848603865875,0.055,16.975,36.72,0.046,-0.072,9.791,0.758,97.9,2025-07-16T18:08:58.843064,edge_case
calm,0,180.0,8.0,0.265,0.148,11.629,36.61,0.207,0.198,9.808,0.796,97.5,2025-07-16T18:08:58.843216,edge_case
fatigued,5,112.81847513759524,61.842167466400845,0.367,0.243,10.952,36.59,-0.319,0.176,9.701,0.124,97.2,2025-07-16T18:08:58.843391,edge_case
anxious,4,102.128,23.961,0.72,0.403,26.92,36.89,-0.329,0.234,9.678,0.578,95.0,2025-07-16T18:08:58.843544,edge_case
anxious,4,121.418,20.835,0.834,0.313,18.0,37.23,-0.277,-0.294,9.519,0.451,94.2,2025-07-16T18:08:58.843689,edge_case
calm,0,90.72771180385611,47.638900323445654,0.39348431225884783,0.081,13.287,36.74,-0.129,0.041,9.902,0.109,96.9,2025-07-16T18:08:58.843834,edge_case
stressed,3,180.0,90.0,0.609,0.198,16.0,36.83,0.251,0.367,9.911,0.715,95.6,2025-07-16T18:08:58.843986,edge_case
stressed,3,125.24641394963129,70.23918077285275,0.599,0.401,23.007,36.92,-0.084,0.497,9.847,0.713,94.7,2025-07-16T18:08:58.844160,edge_case
calm,0,68.467,50.115,0.361,0.106,12.096,36.56,0.062,-0.053,9.843,0.783,96.7,2025-07-16T18:08:58.844315,edge_case
calm,0,69.342,59.354,0.282,0.124,17.41,36.47,-0.111,0.161,9.741,0.171,97.0,2025-07-16T18:08:58.844459,edge_case
excited,2,60.5259823480412,43.46666591519819,0.5077641540430486,0.58,14.0,36.64,-0.598,-0.297,9.713,0.793,96.7,2025-07-16T18:08:58.844603,edge_case
fatigued,5,45.0,90.0,0.26,0.176,14.029,36.41,-0.212,0.166,9.794,0.261,97.2,2025-07-16T18:08:58.844751,edge_case
fatigued,5,127.79672853249147,66.82867413352989,0.15,0.18,9.728,36.48,-0.183,0.241,9.979,0.474,97.2,2025-07-16T18:08:58.844924,edge_case
focused,1,79.473,41.825,0.314,0.045,12.752,36.49,-0.017,0.04,9.796,0.138,96.5,2025-07-16T18:08:58.845082,edge_case
stressed,3,93.221,19.106,0.814,0.194,20.227,36.66,-0.436,-0.075,9.917,0.818,95.8,2025-07-16T18:08:58.845226,edge_case
anxious,4,137.79841241360268,23.780403888723118,0.5607360875620139,0.346,23.634,37.32,-0.29,0.342,9.789,0.265,95.2,2025-07-16T18:08:58.845369,edge_case
focused,1,180.0,90.0,0.389,0.051,13.563,36.3,-0.079,0.017,9.783,0.809,97.6,2025-07-16T18:08:58.845520,edge_case
fatigued,5,119.51854390346334,63.71864887584388,0.265,0.246,14.802,36.51,0.256,0.009,9.58,0.905,98.3,2025-07-16T18:08:58.845897,edge_case
fatigued,5,66.268,16.965,0.341,0.215,13.205,36.55,-0.05,0.147,9.819,0.566,96.6,2025-07-16T18:08:58.846096,edge_case
stressed,3,98.461,11.119,0.675,0.401,16.0,36.94,-0.09,-0.663,9.838,0.215,95.6,2025-07-16T18:08:58.846243,edge_case
excited,2,97.83754288707192,44.029841428183246,0.4932185196963299,0.187,17.517,36.91,0.297,0.274,9.742,0.825,95.2,2025-07-16T18:08:58.846388,edge_case
fatigued,5,180.0,8.0,0.268,0.05,14.28,36.34,-0.05,0.014,9.778,0.305,96.9,2025-07-16T18:08:58.846537,edge_case
fatigued,5,119.73435502907769,62.86026825807704,0.215,0.132,8.621,36.32,0.034,-0.245,9.814,0.284,98.0,2025-07-16T18:08:58.846712,edge_case
calm,0,61.175,58.158,0.238,0.105,14.431,36.48,0.021,-0.018,9.767,0.55,98.2,2025-07-16T18:08:58.846865,edge_case
stressed,3,107.27,17.05,0.679,0.169,20.685,36.94,-0.386,0.261,9.789,0.621,94.9,2025-07-16T18:08:58.847008,edge_case
fatigued,5,71.54520636603883,34.246688448268095,0.25096136856095413,0.224,10.733,36.52,-0.07,-0.055,9.667,0.932,97.6,2025-07-16T18:08:58.847151,edge_case
fatigued,5,180.0,90.0,0.326,0.109,11.433,36.48,0.032,-0.141,9.789,0.697,97.2,2025-07-16T18:08:58.847300,edge_case
anxious,4,124.91797106038781,65.4307546001495,0.95,0.167,24.062,37.02,-0.081,-0.151,9.766,0.418,95.0,2025-07-16T18:08:58.847475,edge_case
focused,1,74.715,55.683,0.528,0.068,15.998,36.68,-0.017,-0.007,9.793,0.148,96.4,2025-07-16T18:08:58.847627,edge_case
focused,1,82.696,38.619,0.422,0.057,15.521,36.58,-0.013,-0.096,9.785,0.189,96.8,2025-07-16T18:08:58.847771,edge_case
focused,1,73.88911089469404,46.818709995715885,0.4259089469637218,0.047,15.242,36.7,0.004,0.004,9.813,0.413,96.2,2025-07-16T18:08:58.847916,edge_case
stressed,3,180.0,90.0,0.5,0.309,27.063,37.06,0.077,0.325,9.754,0.962,95.8,2025-07-16T18:08:58.848072,edge_case
calm,0,119.438107874244,66.54934186628482,0.229,0.02,13.719,36.31,0.015,0.026,9.827,0.395,97.6,2025-07-16T18:08:58.848246,edge_case
stressed,3,120.0,20.169,0.715,0.313,21.027,36.97,-0.319,0.12,9.563,0.498,94.6,2025-07-16T18:08:58.848397,edge_case
stressed,3,90.055,19.174,0.9,0.1,22.236,36.83,-0.099,-0.001,9.863,0.169,95.2,2025-07-16T18:08:58.848540,edge_case
excited,2,76.05467766651785,31.479056815949715,0.7741621200260763,0.458,21.524,36.98,0.985,-0.315,9.904,0.829,95.5,2025-07-16T18:08:58.848683,edge_case
excited,2,180.0,90.0,0.641,0.287,19.154,37.04,-0.434,0.085,9.899,0.409,95.3,2025-07-16T18:08:58.848831,edge_case
anxious,4,123.55521334877508,70.55510628331243,0.65,0.364,28.352,37.13,0.544,0.203,9.841,0.495,95.5,2025-07-16T18:08:58.849003,edge_case
stressed,3,80.0,15.973,0.558,0.251,21.196,36.68,0.232,-0.134,9.819,0.626,96.5,2025-07-16T18:08:58.849155,edge_case
focused,1,72.779,43.587,0.46,0.037,15.619,36.66,-0.016,-0.014,9.806,0.142,96.8,2025-07-16T18:08:58.849299,edge_case
excited,2,117.00428057143709,44.777539422089056,0.5722660784938857,0.386,20.129,37.34,0.327,-0.399,9.878,0.312,95.4,2025-07-16T18:08:58.849442,edge_case
anxious,4,180.0,8.0,0.875,0.53,29.002,36.64,-0.334,-0.623,9.683,0.257,95.4,2025-07-16T18:08:58.849591,edge_case
calm,0,121.84999699704386,70.72565625748125,0.242,0.149,13.533,36.56,0.012,0.173,9.874,0.139,97.7,2025-07-16T18:08:58.849765,edge_case
excited,2,80.696,23.422,0.591,0.192,16.819,36.6,0.195,-0.197,9.789,0.581,95.8,2025-07-16T18:08:58.849916,edge_case
anxious,4,117.127,16.866,0.749,0.41,22.584,37.16,-0.758,-0.711,9.248,0.558,95.1,2025-07-16T18:08:58.850059,edge_case
fatigued,5,78.03650802878212,27.229338396248757,0.2306000734367887,0.181,14.736,36.64,0.04,-0.054,9.837,0.304,97.0,2025-07-16T18:08:58.850202,edge_case
anxious,4,180.0,8.0,0.784,0.274,30.767,36.84,-0.016,0.451,9.543,0.816,94.8,2025-07-16T18:08:58.850352,edge_case
fatigued,5,112.14148510026585,76.98684963590185,0.352,0.154,13.82,36.48,0.083,0.154,9.751,0.963,98.2,2025-07-16T18:08:58.850526,edge_case
focused,1,76.551,52.296,0.312,0.027,14.127,36.58,-0.02,-0.023,9.807,0.295,96.9,2025-07-16T18:08:58.850733,edge_case
stressed,3,82.221,20.703,0.733,0.429,16.0,36.96,-0.223,0.428,9.856,0.574,95.3,2025-07-16T18:08:58.850896,edge_case
focused,1,78.4061591183642,58.36371016187739,0.3885855011652548,0.059,12.258,36.63,-0.042,-0.009,9.827,0.171,97.5,2025-07-16T18:08:58.851041,edge_case
calm,0,45.0,8.0,0.381,0.169,12.131,36.38,0.171,0.088,9.65,0.233,97.4,2025-07-16T18:08:58.851193,edge_case
anxious,4,112.91072080880137,68.55602814506737,0.827,0.528,25.627,36.98,0.086,0.369,9.647,0.957,93.5,2025-07-16T18:08:58.851366,edge_case
focused,1,71.226,53.534,0.37,0.052,15.653,36.52,0.064,0.01,9.796,0.88,97.0,2025-07-16T18:08:58.851519,edge_case
focused,1,69.846,50.358,0.384,0.065,15.605,36.49,-0.142,-0.005,9.832,0.838,96.6,2025-07-16T18:08:58.851664,edge_case
excited,2,92.1473531398522,32.64528569780183,0.790250145085089,0.421,19.688,37.04,-0.125,0.048,9.889,0.597,96.4,2025-07-16T18:08:58.851806,edge_case
excited,2,180.0,90.0,0.486,0.602,23.25,36.75,-0.523,-0.674,9.684,0.756,96.2,2025-07-16T18:08:58.851955,edge_case
calm,0,110.43312172524966,62.21268499314295,0.261,0.139,16.929,36.45,-0.102,-0.011,9.849,0.589,97.0,2025-07-16T18:08:58.852129,edge_case
fatigued,5,72.301,28.421,0.312,0.141,12.974,36.67,-0.29,0.133,9.848,0.838,96.6,2025-07-16T18:08:58.852279,edge_case
calm,0,71.019,40.678,0.308,0.126,14.258,36.49,0.239,0.189,9.829,0.84,97.5,2025-07-16T18:08:58.852423,edge_case
anxious,4,99.23639354114309,16.41587659430924,0.7535115621980837,0.424,25.103,36.85,-0.324,0.345,10.071,0.569,95.3,2025-07-16T18:08:58.852565,edge_case
focused,1,180.0,90.0,0.403,0.06,13.692,36.69,-0.042,-0.04,9.765,0.354,96.2,2025-07-16T18:08:58.852715,edge_case
stressed,3,122.48831667445911,69.1988565780259,0.764,0.291,26.035,37.04,-0.016,-0.019,9.845,0.833,95.2,2025-07-16T18:08:58.852889,edge_case
excited,2,88.833,45.475,0.631,0.617,15.265,36.93,-0.05,-0.369,9.884,0.402,96.0,2025-07-16T18:08:58.853039,edge_case
excited,2,80.429,28.053,0.673,0.27,16.176,36.84,0.128,0.175,9.776,0.507,96.4,2025-07-16T18:08:58.853182,edge_case
anxious,4,112.1723897834188,17.6720048926061,0.9590533195047458,0.198,27.469,36.9,0.457,0.138,9.921,0.5,94.9,2025-07-16T18:08:58.853333,edge_case
focused,1,45.0,90.0,0.401,0.024,12.838,36.5,-0.004,-0.013,9.801,0.39,95.9,2025-07-16T18:08:58.853484,edge_case
stressed,3,117.64677552315902,62.7439444164863,0.745,0.394,20.514,37.23,-0.254,-0.646,9.517,0.523,94.8,2025-07-16T18:08:58.853657,edge_case
stressed,3,90.482,19.454,0.646,0.256,16.0,36.82,-0.051,0.222,9.608,0.767,96.3,2025-07-16T18:08:58.853808,edge_case
excited,2,105.252,35.279,0.593,0.442,14.0,37.12,-0.697,-0.03,9.561,0.837,95.7,2025-07-16T18:08:58.853951,edge_case
anxious,4,81.20023527982606,23.296506142760045,0.6442250474130159,0.314,18.0,36.78,0.019,0.484,10.083,0.797,95.0,2025-07-16T18:08:58.854093,edge_case
calm,0,180.0,90.0,0.49,0.114,17.987,36.71,-0.028,0.133,9.84,0.425,97.0,2025-07-16T18:08:58.854243,edge_case
fatigued,5,113.28958978793105,63.50290665957185,0.318,0.169,11.946,36.58,-0.16,0.299,9.753,0.12,97.0,2025-07-16T18:08:58.854416,edge_case
anxious,4,99.05,14.47,0.786,0.192,22.407,37.09,0.083,-0.059,9.83,0.293,94.9,2025-07-16T18:08:58.854566,edge_case
fatigued,5,63.948,25.9,0.271,0.246,11.403,36.51,0.119,0.172,9.83,0.788,98.3,2025-07-16T18:08:58.854716,edge_case
fatigued,5,65.98345854597885,22.120950561238857,0.16099433881046696,0.291,12.042,36.63,-0.069,-0.022,9.761,0.352,97.2,2025-07-16T18:08:58.854858,edge_case
stressed,3,180.0,8.0,0.9,0.311,20.494,36.93,0.14,0.127,9.82,0.2,94.9,2025-07-16T18:08:58.855006,edge_case
excited,2,117.46138358647262,78.56700423706346,0.689,0.399,18.532,36.92,0.156,-0.531,9.687,0.669,95.8,2025-07-16T18:08:58.855179,edge_case
focused,1,72.099,46.837,0.391,0.061,15.803,36.65,0.097,-0.043,9.803,0.322,97.5,2025-07-16T18:08:58.855332,edge_case
fatigued,5,60.671,20.183,0.251,0.169,8.0,36.58,-0.137,0.353,9.706,0.197,97.6,2025-07-16T18:08:58.855475,edge_case
anxious,4,118.4276041363126,20.260038732861055,0.8145983255428157,0.304,19.844,37.18,-0.005,-0.031,9.834,0.991,94.0,2025-07-16T18:08:58.855618,edge_case
stressed,3,180.0,90.0,0.636,0.333,18.019,36.81,0.368,0.529,9.675,0.617,95.3,2025-07-16T18:08:58.855770,edge_case
fatigued,5,117.20605939678333,63.55810947583224,0.305,0.064,8.581,36.72,0.125,0.069,9.789,0.868,96.8,2025-07-16T18:08:58.855944,edge_case
excited,2,86.038,20.867,0.605,0.313,21.156,37.02,0.506,-0.353,10.006,0.756,96.3,2025-07-16T18:08:58.856095,edge_case
calm,0,57.952,47.56,0.287,0.033,11.257,36.49,0.04,0.011,9.76,0.331,97.8,2025-07-16T18:08:58.856240,edge_case
stressed,3,96.65206099575877,14.226134604559928,0.9580546076047397,0.392,22.04,36.92,-0.264,0.301,9.746,0.933,95.4,2025-07-16T18:08:58.856382,edge_case
fatigued,5,45.0,90.0,0.242,0.091,14.737,36.4,-0.007,-0.006,9.849,0.704,97.2,2025-07-16T18:08:58.856531,edge_case
focused,1,118.54552170934528,61.32274673282828,0.482,0.07,14.488,36.55,0.054,0.065,9.789,0.474,96.1,2025-07-16T18:08:58.856706,edge_case
focused,1,74.408,36.631,0.402,0.054,16.853,36.61,-0.043,-0.021,9.766,0.6,95.4,2025-07-16T18:08:58.857083,edge_case
stressed,3,80.0,23.563,0.9,0.194,20.2,36.46,-0.354,-0.238,9.684,0.746,95.3,2025-07-16T18:08:58.857270,edge_case
calm,0,53.91491039226817,35.700221602977386,0.2681992301282528,0.11,12.47,36.54,0.036,0.013,9.726,0.63,97.8,2025-07-16T18:08:58.857435,edge_case
excited,2,180.0,8.0,0.584,0.314,15.132,36.64,0.138,0.318,9.549,0.977,96.0,2025-07-16T18:08:58.857606,edge_case
focused,1,128.39202153626547,70.07162528499582,0.423,0.033,12.0,36.68,-0.009,0.0,9.795,0.683,97.0,2025-07-16T18:08:58.857790,edge_case
excited,2,83.646,38.229,0.434,0.456,17.185,36.93,0.371,-0.442,9.809,0.693,96.1,2025-07-16T18:08:58.857946,edge_case
calm,0,64.685,45.164,0.379,0.094,14.059,36.46,0.048,0.069,9.82,0.677,97.4,2025-07-16T18:08:58.858092,edge_case
focused,1,96.86571704139183,51.845585892040496,0.3517319242131504,0.036,15.799,36.66,0.016,0.024,9.821,0.595,97.5,2025-07-16T18:08:58.858238,edge_case
stressed,3,180.0,8.0,0.9,0.283,20.132,36.67,-0.363,-0.067,9.879,0.421,95.0,2025-07-16T18:08:58.858389,edge_case
anxious,4,114.10749303583297,73.71737343442335,0.793,0.312,18.711,37.04,-0.165,-0.306,9.743,0.393,95.4,2025-07-16T18:08:58.858563,edge_case
anxious,4,130.0,24.13,0.789,0.15,31.06,37.13,0.092,0.074,9.756,0.137,93.5,2025-07-16T18:08:58.858715,edge_case
calm,0,76.051,48.532,0.154,0.112,12.343,36.62,-0.044,0.176,9.827,0.697,96.8,2025-07-16T18:08:58.858860,edge_case
focused,1,60.37751022313212,38.13791654342458,0.46875724091751164,0.062,12.758,36.5,0.005,0.038,9.843,0.89,96.4,2025-07-16T18:08:58.859008,edge_case
excited,2,45.0,90.0,0.47,0.231,18.317,36.93,0.376,0.185,9.862,0.609,95.5,2025-07-16T18:08:58.859160,edge_case
excited,2,120.21913802211681,61.09368493939737,0.638,0.303,18.957,36.64,0.312,-0.394,9.578,0.253,96.5,2025-07-16T18:08:58.859339,edge_case
calm,0,69.621,35.866,0.297,0.167,15.21,36.78,-0.024,-0.012,9.79,0.628,97.2,2025-07-16T18:08:58.859493,edge_case
stressed,3,102.722,13.915,0.9,0.162,23.34,36.66,0.092,0.192,9.791,0.149,94.7,2025-07-16T18:08:58.859637,edge_case
calm,0,74.71570909439387,46.08837951726619,0.29541637315109626,0.08,12.791,36.58,-0.11,0.157,9.828,0.302,97.1,2025-07-16T18:08:58.859781,edge_case
anxious,4,45.0,8.0,0.904,0.399,18.839,37.37,0.313,0.605,10.192,0.791,93.9,2025-07-16T18:08:58.859931,edge_case
calm,0,114.59045316718101,72.62556223934222,0.348,0.088,13.482,36.68,-0.079,0.029,9.768,0.186,96.6,2025-07-16T18:08:58.860106,edge_case
calm,0,68.538,38.789,0.264,0.15,14.571,36.55,0.016,0.12,9.827,0.359,97.0,2025-07-16T18:08:58.860259,edge_case
fatigued,5,69.471,28.304,0.235,0.15,13.865,36.58,0.084,0.158,9.658,0.847,97.1,2025-07-16T18:08:58.860403,edge_case
stressed,3,97.47648746561326,17.430127896953714,0.5681494587822229,0.282,21.314,37.16,-0.136,0.429,9.696,0.763,95.3,2025-07-16T18:08:58.860546,edge_case
focused,1,45.0,90.0,0.25,0.064,16.125,36.56,-0.052,-0.053,9.756,0.48,97.1,2025-07-16T18:08:58.860697,edge_case
excited,2,118.01501617018282,64.44017228973443,0.677,0.308,17.742,36.65,0.355,-0.678,9.788,0.694,96.1,2025-07-16T18:08:58.860871,edge_case
calm,0,80.089,42.167,0.253,0.079,16.99,36.7,0.086,-0.046,9.827,0.323,97.1,2025-07-16T18:08:58.861023,edge_case
stressed,3,97.256,23.471,0.716,0.515,22.943,37.08,0.328,-0.747,10.302,0.968,94.6,2025-07-16T18:08:58.861169,edge_case
excited,2,97.27099677022278,25.538430116707858,0.5992232960627243,0.398,15.149,36.72,-0.09,0.245,9.69,0.684,95.1,2025-07-16T18:08:58.861312,edge_case
fatigued,5,180.0,8.0,0.285,0.156,14.919,36.46,0.059,0.112,9.675,0.296,97.8,2025-07-16T18:08:58.861461,edge_case
excited,2,116.12327045282699,69.20585855238481,0.522,0.552,18.085,37.12,0.552,0.462,10.143,0.615,95.6,2025-07-16T18:08:58.861634,edge_case
anxious,4,116.553,16.597,0.803,0.495,20.507,37.4,0.628,0.301,9.677,0.695,93.7,2025-07-16T18:08:58.861786,edge_case
stressed,3,85.202,26.705,0.643,0.497,16.0,36.97,0.232,1.05,10.129,0.678,95.9,2025-07-16T18:08:58.861934,edge_case
excited,2,75.90076881066616,36.84150734597682,0.445788007271141,0.567,17.061,36.73,-1.843,0.233,9.98,0.998,96.6,2025-07-16T18:08:58.862078,edge_case
focused,1,180.0,90.0,0.425,0.045,16.673,36.69,-0.08,-0.006,9.808,0.53,96.2,2025-07-16T18:08:58.862232,edge_case
calm,0,119.39040169552811,73.08219766426478,0.307,0.13,14.498,36.62,-0.002,-0.115,9.762,0.468,97.0,2025-07-16T18:08:58.862443,edge_case
anxious,4,85.0,12.292,0.86,0.233,22.626,36.76,-0.041,-0.114,9.993,0.997,94.2,2025-07-16T18:08:58.862594,edge_case
focused,1,70.472,49.667,0.413,0.043,14.477,36.7,-0.019,0.014,9.793,0.791,97.4,2025-07-16T18:08:58.862738,edge_case
focused,1,74.2316496148186,41.58844672706609,0.4428038345667842,0.039,14.684,36.79,0.038,0.026,9.781,0.426,95.9,2025-07-16T18:08:58.862881,edge_case
anxious,4,180.0,8.0,0.904,0.271,20.469,36.7,0.351,-0.25,9.88,0.842,95.4,2025-07-16T18:08:58.863029,edge_case
excited,2,123.51891790437563,67.87669610291258,0.584,0.437,19.725,36.9,-0.642,-0.957,10.025,0.579,95.3,2025-07-16T18:08:58.863202,edge_case
stressed,3,102.782,17.666,0.683,0.356,22.908,36.88,0.456,-0.113,9.621,0.771,94.6,2025-07-16T18:08:58.863353,edge_case
excited,2,93.158,39.105,0.56,0.369,14.0,36.99,0.115,0.332,9.612,0.188,95.5,2025-07-16T18:08:58.863495,edge_case
focused,1,63.48184625441789,35.31334758306652,0.39246510813852525,0.061,17.87,36.51,-0.004,-0.05,9.7,0.444,97.0,2025-07-16T18:08:58.863638,edge_case
fatigued,5,180.0,90.0,0.228,0.057,11.132,36.3,0.055,-0.057,9.808,0.924,97.4,2025-07-16T18:08:58.863788,edge_case
focused,1,129.78429704890686,68.36605434304202,0.434,0.062,12.0,36.67,0.044,-0.099,9.824,0.905,96.4,2025-07-16T18:08:58.863962,edge_case
fatigued,5,63.796,21.759,0.25,0.238,11.005,36.48,-0.064,0.175,9.736,0.425,97.5,2025-07-16T18:08:58.864112,edge_case
stressed,3,88.419,21.247,0.816,0.34,18.097,36.86,0.187,0.007,9.881,0.966,96.1,2025-07-16T18:08:58.864254,edge_case
focused,1,70.25663631502594,54.944869249896215,0.46122547781835654,0.045,13.68,36.5,-0.021,0.112,9.791,0.728,97.8,2025-07-16T18:08:58.864399,edge_case
excited,2,180.0,90.0,0.74,0.332,22.862,36.81,-0.3,-0.1,9.556,0.524,96.8,2025-07-16T18:08:58.864552,edge_case
excited,2,117.50952916926774,71.02539835858398,0.426,0.463,18.847,36.9,-0.14,-0.162,9.837,0.636,96.4,2025-07-16T18:08:58.864724,edge_case
calm,0,80.805,63.452,0.201,0.0,15.071,36.59,0.0,0.0,9.8,0.182,97.1,2025-07-16T18:08:58.864876,edge_case
focused,1,71.932,47.801,0.366,0.044,16.305,36.71,-0.027,0.005,9.832,0.643,95.7,2025-07-16T18:08:58.865021,edge_case
anxious,4,124.04244746981597,19.047511253648466,0.9486964750772093,0.605,18.0,37.29,-0.551,0.061,9.637,0.446,93.4,2025-07-16T18:08:58.865163,edge_case
focused,1,45.0,8.0,0.324,0.051,12.906,36.54,0.001,-0.058,9.765,0.369,96.2,2025-07-16T18:08:58.865312,edge_case
stressed,3,119.43242542961438,62.58118749154873,0.561,0.309,17.787,36.7,0.589,0.191,9.654,0.508,96.2,2025-07-16T18:08:58.865484,edge_case
focused,1,68.966,40.177,0.355,0.019,14.56,36.43,0.002,0.011,9.812,0.539,96.8,2025-07-16T18:08:58.865636,edge_case
anxious,4,95.788,15.306,0.849,0.476,20.137,36.96,0.962,1.075,9.739,0.74,95.6,2025-07-16T18:08:58.865779,edge_case
anxious,4,95.04847103760981,24.33965795788829,0.8740473829509041,0.405,18.482,36.97,-0.429,-0.584,9.587,0.145,95.2,2025-07-16T18:08:58.865922,edge_case
fatigued,5,180.0,8.0,0.299,0.053,11.271,36.53,0.005,-0.037,9.783,0.59,96.6,2025-07-16T18:08:58.866070,edge_case
focused,1,111.61244507793312,75.33139229628279,0.433,0.041,13.856,36.42,-0.074,-0.047,9.81,0.222,97.4,2025-07-16T18:08:58.866244,edge_case
focused,1,72.081,43.07,0.429,0.027,13.635,36.6,0.03,0.016,9.822,0.878,96.9,2025-07-16T18:08:58.866396,edge_case
stressed,3,85.899,21.564,0.816,0.413,22.285,36.74,0.025,-0.607,9.754,0.692,95.4,2025-07-16T18:08:58.866539,edge_case
excited,2,101.85426245791989,26.060758017345798,0.8373905180311225,0.384,14.0,37.03,0.535,-0.203,9.744,0.793,95.3,2025-07-16T18:08:58.866680,edge_case
focused,1,180.0,90.0,0.412,0.005,15.615,36.76,0.001,0.003,9.803,0.995,95.9,2025-07-16T18:08:58.866830,edge_case
stressed,3,127.31762808404756,77.67981977505214,0.753,0.426,18.887,36.85,0.053,0.245,9.491,0.977,94.8,2025-07-16T18:08:58.867007,edge_case
stressed,3,82.803,17.124,0.718,0.292,16.0,36.86,0.024,-0.212,9.992,0.598,96.4,2025-07-16T18:08:58.867156,edge_case
excited,2,93.603,38.824,0.601,0.447,16.997,36.9,0.155,0.128,9.494,0.522,95.6,2025-07-16T18:08:58.867299,edge_case
anxious,4,110.18156882400604,19.27062811729149,0.5691283957128845,0.343,18.0,36.88,-0.144,-0.023,9.792,0.834,95.6,2025-07-16T18:08:58.867441,edge_case
fatigued,5,180.0,90.0,0.233,0.119,10.379,36.6,0.076,0.168,9.862,0.748,97.3,2025-07-16T18:08:58.867589,edge_case
anxious,4,119.55490508006014,77.67137956722823,0.768,0.406,21.55,37.0,-0.672,-0.379,9.793,0.885,94.6,2025-07-16T18:08:58.867759,edge_case
fatigued,5,63.762,24.471,0.349,0.144,15.26,36.58,-0.039,-0.036,9.874,0.111,97.1,2025-07-16T18:08:58.867910,edge_case
fatigued,5,63.407,28.167,0.181,0.19,13.412,36.53,0.188,-0.115,9.889,0.895,97.4,2025-07-16T18:08:58.868052,edge_case
calm,0,80.38442850650877,40.11104016255062,0.17198437484926238,0.103,11.678,36.59,-0.14,0.169,9.874,0.97,96.7,2025-07-16T18:08:58.868195,edge_case
stressed,3,180.0,8.0,0.5,0.15,16.299,36.8,-0.088,-0.056,9.936,0.609,96.4,2025-07-16T18:08:58.868343,edge_case
excited,2,125.72072414563243,66.9645969364557,0.514,0.257,16.747,36.68,0.475,-0.351,9.873,0.452,96.4,2025-07-16T18:08:58.868515,edge_case
anxious,4,106.747,28.009,0.902,0.417,18.0,37.21,0.231,-0.276,10.074,0.936,94.1,2025-07-16T18:08:58.868665,edge_case
stressed,3,90.286,23.378,0.599,0.262,23.365,36.85,0.373,-0.114,9.744,0.743,96.0,2025-07-16T18:08:58.868807,edge_case
anxious,4,89.08972252189946,16.598052122327818,0.6994215306462519,0.354,24.476,36.85,-0.222,-0.133,9.669,0.29,96.0,2025-07-16T18:08:58.868949,edge_case
stressed,3,180.0,90.0,0.849,0.514,19.924,37.24,0.726,0.495,10.054,0.317,94.5,2025-07-16T18:08:58.869098,edge_case
anxious,4,112.42542497649733,64.49348143886279,0.702,0.508,19.883,37.43,-0.217,0.382,9.411,0.145,94.7,2025-07-16T18:08:58.869270,edge_case
excited,2,97.658,24.785,0.556,0.437,19.482,36.96,-0.478,-0.613,9.538,0.456,95.9,2025-07-16T18:08:58.869420,edge_case
focused,1,76.685,51.702,0.399,0.018,16.25,36.59,0.007,-0.018,9.796,0.183,96.9,2025-07-16T18:08:58.869563,edge_case
fatigued,5,61.499186454665576,23.831069539176298,0.24108013233774436,0.143,12.401,36.47,-0.119,0.11,9.898,0.49,97.6,2025-07-16T18:08:58.869710,edge_case
anxious,4,180.0,90.0,0.759,0.398,25.439,37.33,-0.193,-0.838,9.82,0.737,93.3,2025-07-16T18:08:58.869858,edge_case
fatigued,5,129.37808683287784,62.56201779232589,0.264,0.067,12.699,36.52,-0.05,-0.038,9.823,0.479,97.7,2025-07-16T18:08:58.870030,edge_case
stressed,3,120.0,16.586,0.9,0.332,25.068,37.1,0.117,-0.306,9.892,0.604,95.5,2025-07-16T18:08:58.870180,edge_case
focused,1,69.623,54.515,0.494,0.065,14.803,36.69,0.005,-0.038,9.8,0.864,97.0,2025-07-16T18:08:58.870323,edge_case
fatigued,5,59.08425508454347,22.764384992487813,0.20969532354240492,0.32,14.706,36.48,0.098,-0.382,9.523,0.151,97.0,2025-07-16T18:08:58.870464,edge_case
anxious,4,180.0,90.0,0.95,0.311,18.715,37.09,-0.164,0.768,9.817,0.714,94.4,2025-07-16T18:08:58.870612,edge_case
anxious,4,119.59022924270772,71.70557748541843,0.9,0.408,21.564,37.05,-0.024,0.548,10.126,0.743,95.4,2025-07-16T18:08:58.870785,edge_case
fatigued,5,77.152,26.01,0.282,0.115,13.335,36.81,-0.089,0.238,9.784,0.51,97.9,2025-07-16T18:08:58.870936,edge_case
excited,2,91.933,29.865,0.517,0.367,16.204,37.02,-0.3,-0.162,9.722,0.694,95.4,2025-07-16T18:08:58.871079,edge_case
excited,2,103.11851691520464,21.415999288902665,0.511193509112653,0.477,22.847,37.19,-0.315,0.248,9.463,0.318,95.1,2025-07-16T18:08:58.871221,edge_case
stressed,3,180.0,90.0,0.673,0.248,27.282,36.92,-0.084,-0.164,9.841,0.372,95.1,2025-07-16T18:08:58.871369,edge_case
anxious,4,113.12948288377042,69.22905513461174,0.85,0.207,18.0,37.12,-0.041,0.116,9.703,0.687,94.1,2025-07-16T18:08:58.871541,edge_case
excited,2,86.558,28.42,0.47,0.7,19.494,37.1,1.441,0.197,9.396,0.881,95.4,2025-07-16T18:08:58.871691,edge_case
calm,0,70.498,30.0,0.484,0.005,14.939,36.57,0.003,0.006,9.802,0.504,96.7,2025-07-16T18:08:58.871836,edge_case
anxious,4,77.23905587557653,18.87738323603125,0.834320446854711,0.288,23.397,36.81,0.238,-0.294,9.895,0.408,95.6,2025-07-16T18:08:58.871978,edge_case
anxious,4,45.0,8.0,0.767,0.366,27.034,36.78,0.025,0.322,9.887,0.425,95.7,2025-07-16T18:08:58.872127,edge_case
stressed,3,111.94612885245152,72.01008180210766,0.9,0.179,21.018,36.87,-0.377,0.03,9.679,0.992,95.0,2025-07-16T18:08:58.872305,edge_case
stressed,3,105.628,20.13,0.9,0.468,16.531,37.06,-0.062,-0.404,9.27,0.852,95.1,2025-07-16T18:08:58.872514,edge_case
focused,1,71.354,50.503,0.318,0.025,14.351,36.53,-0.009,-0.021,9.802,0.505,96.0,2025-07-16T18:08:58.872660,edge_case
anxious,4,87.53061639600259,17.030443465187506,0.7870051491266615,0.233,28.657,36.63,-0.043,-0.567,9.851,0.132,95.8,2025-07-16T18:08:58.872803,edge_case
excited,2,45.0,8.0,0.571,0.48,19.957,36.81,-0.102,0.321,9.774,0.816,96.9,2025-07-16T18:08:58.872953,edge_case
focused,1,127.9184023619523,70.81966000586199,0.488,0.068,17.069,36.55,0.094,-0.144,9.826,0.476,96.7,2025-07-16T18:08:58.873127,edge_case
focused,1,70.784,47.16,0.359,0.064,16.095,36.52,-0.052,-0.098,9.743,0.207,96.4,2025-07-16T18:08:58.873279,edge_case
stressed,3,87.736,20.343,0.664,0.235,19.092,36.96,-0.361,-0.203,9.95,0.151,96.3,2025-07-16T18:08:58.873423,edge_case
focused,1,69.9580266443573,51.05839083603615,0.3420356527473127,0.034,17.87,36.65,-0.08,-0.054,9.785,0.626,96.5,2025-07-16T18:08:58.873567,edge_case
fatigued,5,180.0,90.0,0.161,0.202,11.344,36.61,0.049,0.146,9.974,0.488,96.8,2025-07-16T18:08:58.873716,edge_case
anxious,4,115.52492351469704,61.07392220467525,0.67,0.223,22.43,36.9,-0.236,-0.175,9.838,0.194,95.4,2025-07-16T18:08:58.873888,edge_case
excited,2,75.0,42.014,0.616,0.249,22.151,36.66,0.093,-0.27,9.783,0.568,97.0,2025-07-16T18:08:58.874037,edge_case
anxious,4,88.057,20.087,0.776,0.303,20.455,36.91,0.222,0.239,10.02,0.921,95.0,2025-07-16T18:08:58.874179,edge_case
stressed,3,92.96197244644267,24.52888444487431,0.9881980470599774,0.269,26.327,36.87,-0.584,-0.131,9.708,0.256,95.8,2025-07-16T18:08:58.874321,edge_case
fatigued,5,180.0,90.0,0.214,0.283,12.711,36.46,0.225,0.195,9.945,0.302,97.9,2025-07-16T18:08:58.874469,edge_case
excited,2,123.68763724049504,71.44214433530091,0.601,0.548,17.766,37.11,-0.411,0.34,10.093,0.636,96.2,2025-07-16T18:08:58.874645,edge_case
excited,2,86.222,37.218,0.563,0.163,22.365,36.71,-0.264,0.267,9.676,0.553,96.4,2025-07-16T18:08:58.874797,edge_case
focused,1,70.956,53.881,0.358,0.047,14.082,36.76,-0.032,-0.066,9.792,0.533,96.7,2025-07-16T18:08:58.874946,edge_case
excited,2,96.30548047729464,34.72577655577166,0.48232100424735436,0.39,20.681,36.75,-0.243,0.63,9.715,0.614,95.6,2025-07-16T18:08:58.875089,edge_case
excited,2,45.0,90.0,0.455,0.519,15.867,36.92,-0.123,-0.196,9.741,0.36,96.3,2025-07-16T18:08:58.875239,edge_case
calm,0,125.80167676902545,68.12988494136634,0.297,0.012,14.873,36.51,-0.002,-0.017,9.801,0.415,96.3,2025-07-16T18:08:58.875415,edge_case
anxious,4,87.904,17.507,0.853,0.357,28.631,36.79,-0.44,-0.076,9.762,0.442,94.9,2025-07-16T18:08:58.875566,edge_case
anxious,4,85.0,12.121,0.741,0.325,18.0,36.89,0.129,0.112,9.971,0.328,95.8,2025-07-16T18:08:58.875710,edge_case
stressed,3,101.69170296099087,19.999450116311177,0.729917731173296,0.174,17.657,37.03,0.082,0.157,9.801,0.342,94.7,2025-07-16T18:08:58.875853,edge_case
stressed,3,45.0,8.0,0.5,0.506,23.065,37.17,-0.153,-0.136,9.801,0.68,95.5,2025-07-16T18:08:58.876000,edge_case
calm,0,128.327752195342,63.392223488084966,0.337,0.091,13.331,36.5,-0.109,0.134,9.846,0.144,97.4,2025-07-16T18:08:58.876174,edge_case
focused,1,90.0,53.283,0.382,0.029,16.405,36.71,0.054,0.023,9.802,0.169,96.7,2025-07-16T18:08:58.876325,edge_case
anxious,4,104.501,21.136,0.671,0.463,24.553,36.86,0.176,-0.147,10.108,0.123,95.3,2025-07-16T18:08:58.876468,edge_case
excited,2,96.51507201665761,41.72770640832007,0.6307151790822972,0.471,20.233,37.01,0.063,0.177,9.749,0.656,95.7,2025-07-16T18:08:58.876610,edge_case
anxious,4,45.0,8.0,0.752,0.281,22.627,36.76,0.325,0.149,9.781,0.489,95.5,2025-07-16T18:08:58.876758,edge_case
stressed,3,110.55668219671445,66.54559569868215,0.719,0.443,25.764,37.14,0.4,-0.127,9.979,0.142,95.5,2025-07-16T18:08:58.876932,edge_case
fatigued,5,67.899,25.017,0.218,0.122,9.467,36.39,0.193,0.073,9.705,0.789,97.5,2025-07-16T18:08:58.877082,edge_case
excited,2,97.757,44.853,0.572,0.612,16.878,36.99,-0.716,0.475,9.936,0.718,96.0,2025-07-16T18:08:58.877224,edge_case
focused,1,88.7821389733559,57.32261280103164,0.33078740251307476,0.041,15.573,36.61,0.019,-0.01,9.867,0.955,96.8,2025-07-16T18:08:58.877372,edge_case
calm,0,45.0,90.0,0.226,0.119,12.468,36.75,0.042,0.104,9.785,0.727,96.5,2025-07-16T18:08:58.877521,edge_case
fatigued,5,129.7144872546359,74.80777767281127,0.181,0.079,11.322,36.54,-0.037,-0.065,9.827,0.544,96.9,2025-07-16T18:08:58.877694,edge_case
focused,1,74.247,48.005,0.326,0.0,16.281,36.4,0.0,0.0,9.8,0.152,96.4,2025-07-16T18:08:58.877846,edge_case
anxious,4,110.134,17.4,0.929,0.292,21.015,36.93,0.039,-0.569,9.611,0.119,94.4,2025-07-16T18:08:58.877990,edge_case
focused,1,66.01535035017372,50.69987663185094,0.3662167791879381,0.044,14.153,36.51,-0.037,-0.02,9.782,0.716,96.8,2025-07-16T18:08:58.878134,edge_case
anxious,4,45.0,8.0,0.84,0.347,31.183,36.75,0.358,-0.43,9.771,0.707,95.1,2025-07-16T18:08:58.878282,edge_case
excited,2,128.18016238323924,69.97988330990171,0.4,0.232,14.776,36.55,-0.15,-0.36,9.557,0.427,96.7,2025-07-16T18:08:58.878455,edge_case
calm,0,59.485,44.001,0.235,0.0,12.468,36.48,0.0,0.0,9.8,0.796,98.1,2025-07-16T18:08:58.878607,edge_case
fatigued,5,66.365,16.523,0.265,0.075,12.521,36.55,-0.058,-0.026,9.824,0.232,97.0,2025-07-16T18:08:58.878750,edge_case
excited,2,111.72515764289238,24.037928703771293,0.6431598340982622,0.372,20.483,36.86,0.417,0.075,9.636,0.238,95.5,2025-07-16T18:08:58.878915,edge_case
excited,2,45.0,8.0,0.751,0.333,14.0,36.88,-0.245,-0.071,9.853,0.702,95.7,2025-07-16T18:08:58.879080,edge_case
fatigued,5,112.58081302305138,61.40324543358443,0.283,0.162,16.0,36.55,0.23,-0.206,9.791,0.487,97.3,2025-07-16T18:08:58.879255,edge_case
anxious,4,97.778,20.136,0.848,0.329,27.244,37.07,0.504,-0.219,9.701,0.58,95.7,2025-07-16T18:08:58.879406,edge_case
excited,2,77.349,24.493,0.8,0.353,18.928,36.85,0.095,-0.256,9.714,0.484,96.5,2025-07-16T18:08:58.879549,edge_case
fatigued,5,69.09914459323856,23.201412654692366,0.45270425229157313,0.147,11.292,36.62,-0.131,0.273,9.96,0.973,97.5,2025-07-16T18:08:58.879690,edge_case
calm,0,45.0,8.0,0.43,0.025,16.078,36.57,-0.007,-0.005,9.81,0.409,96.7,2025-07-16T18:08:58.879840,edge_case
anxious,4,129.84958459324392,73.9464363565681,0.689,0.462,21.564,36.91,-0.275,0.588,9.86,0.781,94.7,2025-07-16T18:08:58.880015,edge_case
excited,2,75.0,34.17,0.774,0.308,17.396,36.77,0.157,0.473,9.618,0.286,95.5,2025-07-16T18:08:58.880166,edge_case
focused,1,69.852,44.522,0.335,0.081,12.795,36.29,-0.105,0.06,9.823,0.412,96.8,2025-07-16T18:08:58.880310,edge_case
stressed,3,95.02791232074676,18.559053819301266,0.587746510628961,0.35,17.434,37.04,-0.334,-0.026,10.07,0.365,96.3,2025-07-16T18:08:58.880452,edge_case
fatigued,5,45.0,8.0,0.273,0.05,13.223,36.44,-0.033,-0.025,9.808,0.589,97.9,2025-07-16T18:08:58.880601,edge_case
anxious,4,125.33160074501004,66.11329038113921,0.837,0.354,18.297,37.05,0.43,0.076,9.828,0.227,95.2,2025-07-16T18:08:58.880772,edge_case
focused,1,76.363,65.672,0.25,0.012,13.519,36.69,-0.006,0.002,9.793,0.621,97.9,2025-07-16T18:08:58.880924,edge_case
anxious,4,98.881,23.06,0.838,0.65,24.563,37.25,-1.129,-0.769,9.855,0.714,95.3,2025-07-16T18:08:58.881067,edge_case
focused,1,106.73009336305907,47.496467109780184,0.3799116808130615,0.057,17.289,36.83,0.024,-0.044,9.857,0.263,95.8,2025-07-16T18:08:58.881209,edge_case
stressed,3,180.0,8.0,0.781,0.298,18.857,36.82,-0.304,-0.45,9.752,0.866,95.2,2025-07-16T18:08:58.881358,edge_case
focused,1,125.89076415666857,61.47659752192557,0.393,0.044,13.873,36.69,-0.001,-0.005,9.791,0.617,96.6,2025-07-16T18:08:58.881531,edge_case
excited,2,79.275,38.595,0.499,0.134,15.669,36.61,0.017,0.052,9.778,0.491,96.4,2025-07-16T18:08:58.881680,edge_case
focused,1,72.353,48.886,0.506,0.035,14.222,36.8,0.015,0.011,9.791,0.725,97.1,2025-07-16T18:08:58.881823,edge_case
anxious,4,103.03491787647815,11.757196994751178,0.869048869708096,0.306,22.527,36.97,0.612,0.263,9.915,0.174,94.6,2025-07-16T18:08:58.881964,edge_case
stressed,3,180.0,8.0,0.789,0.311,19.281,37.11,0.204,-0.203,9.729,0.219,95.0,2025-07-16T18:08:58.882112,edge_case
stressed,3,126.76043115906519,74.99589984073253,0.829,0.269,27.168,37.14,-0.205,-0.376,9.986,0.634,94.2,2025-07-16T18:08:58.882284,edge_case
focused,1,72.671,53.681,0.256,0.055,15.411,36.57,0.021,-0.089,9.841,0.926,97.2,2025-07-16T18:08:58.882436,edge_case
excited,2,83.116,25.448,0.513,0.304,22.399,36.68,0.215,-0.289,9.76,0.715,97.1,2025-07-16T18:08:58.882582,edge_case
anxious,4,81.47106328425402,17.365029830826888,0.8964016781952294,0.65,18.0,37.01,1.573,0.231,10.157,0.915,95.0,2025-07-16T18:08:58.882725,edge_case
focused,1,45.0,8.0,0.366,0.061,12.0,36.59,0.005,0.042,9.821,0.482,96.5,2025-07-16T18:08:58.882874,edge_case
calm,0,128.93009701420988,71.14920722191664,0.49,0.096,14.289,36.55,0.029,-0.045,9.801,0.361,96.0,2025-07-16T18:08:58.883047,edge_case
stressed,3,89.941,26.226,0.743,0.256,19.002,36.77,-0.105,0.179,9.958,0.819,95.9,2025-07-16T18:08:58.883197,edge_case
anxious,4,97.269,16.847,0.803,0.602,24.979,37.09,-0.01,-0.17,10.379,0.247,96.0,2025-07-16T18:08:58.883340,edge_case
focused,1,77.10061864603814,52.357302185832964,0.5110581359009266,0.032,15.148,36.7,-0.011,0.025,9.806,0.797,97.0,2025-07-16T18:08:58.883483,edge_case
focused,1,180.0,90.0,0.402,0.09,12.791,36.81,-0.034,0.071,9.8,0.274,96.8,2025-07-16T18:08:58.883632,edge_case
excited,2,128.18193675598775,76.86461246863763,0.65,0.594,15.417,37.05,0.239,0.131,9.769,0.86,96.3,2025-07-16T18:08:58.883805,edge_case
calm,0,70.162,35.661,0.423,0.072,16.44,36.53,-0.001,0.109,9.718,0.541,96.7,2025-07-16T18:08:58.883955,edge_case
anxious,4,85.0,24.767,0.861,0.3,26.49,37.02,-0.226,0.219,9.843,0.534,94.1,2025-07-16T18:08:58.884097,edge_case
stressed,3,83.93485149263225,28.173488530512156,0.5904810754098319,0.326,22.372,36.81,0.787,0.134,9.789,0.878,96.4,2025-07-16T18:08:58.884240,edge_case
excited,2,45.0,90.0,0.446,0.133,16.072,36.74,0.166,-0.006,9.821,0.603,95.6,2025-07-16T18:08:58.884388,edge_case
stressed,3,126.36276875100039,79.64369511855736,0.578,0.235,16.0,36.61,0.375,0.149,9.855,0.171,96.5,2025-07-16T18:08:58.884561,edge_case
anxious,4,85.244,23.91,0.928,0.461,21.093,36.91,-0.236,-0.54,9.493,0.232,96.1,2025-07-16T18:08:58.884711,edge_case
focused,1,73.91,53.545,0.404,0.059,15.453,36.67,0.094,0.038,9.799,0.485,97.0,2025-07-16T18:08:58.884855,edge_case
anxious,4,94.29674290041451,18.855342381629626,0.7635738862175343,0.181,25.566,36.9,0.288,-0.27,9.543,0.218,95.2,2025-07-16T18:08:58.885002,edge_case
fatigued,5,45.0,90.0,0.271,0.05,13.548,36.69,0.091,0.027,9.82,0.402,97.2,2025-07-16T18:08:58.885151,edge_case
excited,2,124.13305365263834,66.46769359755965,0.611,0.456,14.0,36.89,0.294,-0.332,9.74,0.362,96.2,2025-07-16T18:08:58.885324,edge_case
stressed,3,109.821,26.589,0.556,0.2,28.0,37.21,0.248,0.258,9.875,0.389,95.2,2025-07-16T18:08:58.885473,edge_case
calm,0,55.878,55.213,0.181,0.124,16.561,36.41,0.031,-0.153,9.751,0.796,98.7,2025-07-16T18:08:58.885616,edge_case
excited,2,82.40825606514046,41.1045108506219,0.45637226612177006,0.435,19.005,37.04,0.035,-0.478,9.488,0.891,96.6,2025-07-16T18:08:58.885759,edge_case
fatigued,5,180.0,8.0,0.28,0.194,9.697,36.54,-0.032,-0.125,9.947,0.771,96.0,2025-07-16T18:08:58.885907,edge_case
excited,2,116.26257214533412,77.19798069211635,0.645,0.443,19.845,36.68,-0.31,-0.169,10.032,0.26,95.8,2025-07-16T18:08:58.886079,edge_case
fatigued,5,55.0,37.59,0.213,0.153,12.982,36.56,-0.079,0.033,9.818,0.147,97.1,2025-07-16T18:08:58.886229,edge_case
focused,1,81.166,47.224,0.379,0.08,14.202,36.63,0.061,0.091,9.857,0.36,96.5,2025-07-16T18:08:58.886373,edge_case
calm,0,68.83608308849888,34.44354573442565,0.25482482605517226,0.09,13.374,36.45,-0.014,0.014,9.786,0.283,97.6,2025-07-16T18:08:58.886516,edge_case
stressed,3,180.0,8.0,0.596,0.358,19.569,36.87,-0.43,0.363,9.823,0.506,94.8,2025-07-16T18:08:58.886665,edge_case
excited,2,111.25219945444117,66.94625333141971,0.525,0.479,21.379,36.94,0.703,0.477,10.124,0.771,96.4,2025-07-16T18:08:58.886837,edge_case
calm,0,80.914,53.732,0.324,0.117,12.022,36.69,-0.111,-0.021,9.758,0.901,97.3,2025-07-16T18:08:58.886988,edge_case
excited,2,83.44,39.598,0.44,0.349,16.072,36.87,0.529,0.141,9.748,0.614,96.2,2025-07-16T18:08:58.887130,edge_case
focused,1,75.29262867753445,52.83425198250139,0.40769214806822296,0.049,14.238,36.56,0.082,-0.03,9.781,0.43,97.5,2025-07-16T18:08:58.887272,edge_case
anxious,4,180.0,90.0,0.703,0.405,21.888,36.93,1.181,-0.927,9.965,0.655,95.2,2025-07-16T18:08:58.887421,edge_case
stressed,3,115.81270719312352,70.80481840928425,0.762,0.306,27.032,36.9,-0.081,-0.416,9.891,0.904,95.4,2025-07-16T18:08:58.887599,edge_case
calm,0,70.272,55.819,0.208,0.101,11.695,36.58,0.193,0.041,9.777,0.8,97.7,2025-07-16T18:08:58.887751,edge_case
anxious,4,85.0,21.513,0.743,0.482,20.574,36.81,0.422,0.381,9.778,0.54,95.0,2025-07-16T18:08:58.887893,edge_case
fatigued,5,58.15780509674294,26.692812233888784,0.29813172891984185,0.128,8.403,36.65,-0.046,-0.109,9.725,0.262,96.7,2025-07-16T18:08:58.888116,edge_case
calm,0,45.0,90.0,0.477,0.169,15.213,36.61,-0.235,-0.054,9.918,0.914,96.4,2025-07-16T18:08:58.888460,edge_case
calm,0,111.75174570947536,73.21839744389268,0.239,0.01,15.993,36.63,0.021,-0.012,9.797,0.233,97.3,2025-07-16T18:08:58.888649,edge_case
focused,1,75.137,47.068,0.38,0.032,14.878,36.7,0.004,0.01,9.797,0.266,96.8,2025-07-16T18:08:58.888806,edge_case
calm,0,72.07,57.254,0.29,0.065,11.782,36.57,0.109,-0.156,9.753,0.82,97.0,2025-07-16T18:08:58.888952,edge_case
excited,2,75.5925508800222,37.477326521478226,0.613626468281011,0.684,18.973,37.1,-0.44,-0.14,9.754,0.454,96.9,2025-07-16T18:08:58.889098,edge_case
calm,0,180.0,90.0,0.214,0.159,14.833,36.64,0.263,-0.064,9.736,0.994,96.0,2025-07-16T18:08:58.889250,edge_case
focused,1,114.35409401455274,78.06990047090683,0.481,0.067,16.556,36.51,-0.001,-0.021,9.794,0.408,97.3,2025-07-16T18:08:58.889426,edge_case
anxious,4,85.0,13.33,0.891,0.379,18.0,36.81,0.587,-0.134,10.002,0.508,95.6,2025-07-16T18:08:58.889579,edge_case
excited,2,96.464,26.094,0.69,0.211,16.946,36.86,-0.125,-0.0,9.85,0.627,95.1,2025-07-16T18:08:58.889724,edge_case
anxious,4,109.86826581518751,23.507753469285124,0.6116598169103429,0.297,27.408,37.04,0.043,-0.012,9.543,0.131,93.9,2025-07-16T18:08:58.889868,edge_case
stressed,3,45.0,90.0,0.787,0.217,19.696,37.26,0.133,0.035,9.762,0.335,94.8,2025-07-16T18:08:58.890017,edge_case
stressed,3,118.01888147831508,77.57971592446674,0.643,0.37,16.662,36.94,-0.26,-0.251,10.053,0.568,96.3,2025-07-16T18:08:58.890190,edge_case
excited,2,110.0,34.194,0.8,0.486,16.518,37.15,-0.687,0.698,9.763,0.56,94.4,2025-07-16T18:08:58.890342,edge_case
focused,1,77.386,42.083,0.453,0.053,13.101,36.56,0.066,-0.013,9.818,0.775,96.5,2025-07-16T18:08:58.890496,edge_case
